Date,Change Type,Component,Before,After,Technical Details,Impact,Lines Changed
2026-01-15,Feature Addition,BrandingSettings,No logo resize control,"Slider (20-200px) + numeric input with live preview","Added logoSize to ReceptionistSettings interface, implemented dual control with real-time preview updates",High - Users can now customize logo size dynamically,"+40 lines in SettingsPanel.tsx, +1 line in types.ts"
2026-01-15,Bug Fix,Dropdown Menus,Dropdowns not clickable or unresponsive,"Full click functionality with custom arrow, hover/focus states","Added .form-select CSS with appearance:none, custom SVG arrow, pointer-events:auto, z-index:10",High - All dropdown selections now work properly,"+31 lines in SettingsPanel.tsx"
2026-01-15,Performance,Toggle Switches,0.3s transition delay (sluggish),0.15s transition (instant feedback),"Reduced CSS transition duration by 50%, applied to both background and transform animations",Medium - Improved perceived responsiveness,"-2 lines changed in index.html"
2026-01-15,Feature Addition,Case History Modal,No transcript display visible,"Scrollable transcript section (300px max-height) with formatted text","Added conditional rendering of description field with whitespace-pre-wrap for formatting",Medium - Users can now view call notes/transcripts,"+9 lines in CaseHistoryPanel.tsx"
2026-01-15,Critical Bug Fix,Settings Persistence,"Settings not saving, lost on refresh","All settings persist immediately to localStorage","Fixed stale closure in handleSettingsChange - changed from const newSettings = {...settings, ...updates} to setSettings(prev => ({...prev, ...updates}))",Critical - Settings now save reliably,"-5/+8 lines in SettingsPanel.tsx"
2026-01-15,Critical Bug Fix,Text Input Fields,"Typing lag, skipped characters, cursor jumps","Instant typing response, no lost characters","Removed 'settings' from useCallback dependency array, preventing callback recreation on every keystroke",Critical - All text inputs work smoothly,"-1 line in SettingsPanel.tsx"
2026-01-15,Bug Fix,Employee Management,"Race conditions when saving/deleting team members","Reliable add/edit/delete operations","Changed handleSaveEmployee and handleDeleteEmployee to use functional state updates",High - Team management now works correctly,"-8/+10 lines in SettingsPanel.tsx"
2026-01-15,Enhancement,AI Behavior,Basic languageStyle: 'calm clear natural voice',"Detailed professional instructions: 'Speak naturally with calm confident tone. Be professional yet approachable. Listen actively...'","Enhanced AI prompt engineering with specific behavioral guidelines for empathetic legal intake",High - AI sounds more professional and natural,"+1 line in App.tsx"
2026-01-15,Enhancement,AI Behavior,0ms response delay (instant/robotic),400ms response delay (natural pacing),"Added responseDelay to create human-like thinking pause between responses",Medium - Conversations feel more natural,"+1 line in App.tsx"
2026-01-15,Enhancement,AI Behavior,"6 urgency keywords (court date, deadline, etc)","10 urgency keywords (added: emergency, urgent, immediate, today)","Expanded keyword detection for time-sensitive legal situations",Medium - Better detection of urgent cases,"+1 line in App.tsx"
2026-01-15,Enhancement,AI Behavior,"Casual opening: 'Hi thank you for calling...'","Professional opening: 'Good morning, thank you for calling. My name is Sarah. How may I help you today?'","Restructured greeting for more professional first impression",Low - Better brand image,"+1 line in App.tsx"
2026-01-15,Enhancement,AI Behavior,No closing line defined,"Professional closing: 'Thank you for calling. We'll be in touch shortly. Have a wonderful day.'","Added proper call conclusion for complete conversation flow",Low - Better call completion experience,"+1 line in App.tsx"
2026-01-15,Configuration Fix,Default Settings,"firmName: 'Ted Law Firm' (overwrites custom branding)","firmName: 'Your Law Firm' (generic default)","Changed to generic values to prevent overwriting users' custom LiteDePalma branding",Critical - Custom settings no longer at risk,"-4/+4 lines in App.tsx"
2026-01-15,Build Verification,Build System,N/A,"Bundle: 694.04 kB (gzip: 170.68 kB), Build time: 6.75s","Ran full production build to verify no TypeScript errors or runtime issues",N/A,N/A
2026-01-15,Deployment,Vercel Production,Previous version with bugs,All fixes deployed and live,"Merged PR #29 and PR #31 to main branch, auto-deployed to production",N/A,N/A